id,spoiler
0,"He has balloons and a sign in hand that reads, ""Heard urine need of a kidney, want mine?"""
1,giving at the expense of your own well-being damages your chance of long-term success
2,Meditating inside a beautiful stock-photo room filled with plants
3,"Braconid, meaning ""any of numerous wasps of the family Braconidae, the larvae of whichare parasitic on aphids and on the larvae of moths, butterflies, beetles."""
4,Cured egg yolks
5,"""The Throne Room/End Title (Medley)"""
6,"1. Take a long, warm shower with sweet-smelling essential oils. 2. Create the perfect ambience before you head over to sleep. Clean your room of the whole day’s mess, dab some perfume and make your bed with some fresh bed sheets and pillow covers. 3. Let your bed exclusively be for sleeping"
7,"Flynn the dog does a lot to help out his 17-year-old human, Hailey Ashmore: He can open and close doors, fetch her parents and, most importantly, alert her to oncoming seizures."
8,Lord Ivar Mountbatten
9,putting away too much
10,"No, I didn't hire a babysitter (at least not for the nights or weekends). No, I didn't leave them with the grandparents. My husband was with them."
11,"""It's really clear when you're trying too hard and being really inauthentic,"" he says. ""There are a lot of brands that don't do it that well, and it's a little bit like watching a train wreck as they try to be authentic, funny"
12,Celia Cruz
13,"""People talk a lot and they know little,"" De Gea said in quotes appearing in Marca. ""I know how all this works, but what I think is disrespectful is when people start making out that it's something I have said. ""I've got three more years on my contract"
14,"They’re constantly squeezing their acne, having sex with people they despise, eating candy and drinking until they’re sick, developing meth addictions just for kicks, and always feeling slightly superior to their own surroundings despite their listless lives."
15,$116.8 billion
16,"the swine transformation represented the greed that took place during Japan's bubble economy of the 80s. The letter explained that once someone transforms into a pig, it's irreversible, and Miyazaki used the metaphor to describe the real world and how greed changes people."
17,shopping malls have become a kind of replacement for religious structures in our contemporary consumer society
18,1. Get an education 2. Get a job 3. Get a job 4. Get a job 5. Get a job
19,New York
20,Michael Sam
21,"Drunk or Danish? Swedish police eventually work it out Police in western Sweden initially thought a man whose car was stuck in the snow was Danish, but after a while they realized he was slurring his words because he was drunk."
22,"You only need a few credits to get amazing discounts, which can go up to 90% of the retail value of the products! Swoggi is so confident that you will get these discounts that they provide voucher codes for free credits all over the Internet. The one I found is MAY50, which will give you"
23,longline yellow raincoat
24,raising awareness about a very important issue
25,"she could go to Comic-Con dressed as Luke. Well, the fan said she’s going to do it anyway @HamillHimself can I go to comic con as Luke Skywalker even though I'm a girl? I'm doing it anyways"
26,"The officers finished up their meals, but when they looked at the bill — a total of 123 dollars — they were stunned. And that’s before they even flipped it over and saw what was written on the back."
27,"Most Americans think climate change, and more frequent and severe natural disasters are linked, according to a new HuffPost/YouGov poll that also finds most think human activity is at least partially responsible for the changing climate."
28,"With more than 95 percent of precincts reporting, Donald Trump carried a 140,000 vote lead in Florida."
29,"The firm is about to give about 100 people between $1,500 and $2,000 every month to spend on whatever they please."
30,22 countries where women have far more parity with their male counterparts than women do in the U.S.
31,"""I’m not mad, I’m just disappointed."""
32,blame the consumer
33,"Unfortunately, the NES Classic Edition is not available for pre-order just yet."
34,ballooning tuition costs
35,belts out a few of his favorite Broadway tunes
36,"Michael Lewis, author of The Big Short, told the audience of the Insight Summit that being lazy isn’t necessarily a bad thing. In fact, it can make you more successful."
37,"Austin, Texas 1. People play bingo with chicken sh*t. Seriously. 2. A bunch of old houses are the city's hippest bars. 3. ...and one will even pay for your tattoo."
38,he has been confined to a wheelchair by a form of the motor-neuron disease amyotrophic lateral sclerosis (ALS). And since 1985 he has had to speak through his trademark computer system—which he operates with his cheek—and have around-the
39,YInMn blue
40,blue light
41,"An eagle-eyed Mars 'anomaly hunter' has spotted a strange object that looks like a green bottle in Nasa rover imagery. The bizarre bottle shape appears to have a red, green and white label and even a cork or cap"
42,"""Parenthood,"" viewers went on an emotional rollercoaster when Kristina Braverman was diagnosed with breast cancer. A year later, Kristina is officially cancer-free, but somehow the tears just keep coming. Only seven episodes into Season 5, Kristina is collap"
43,"New York City has the highest population density in the US, and with 8,550,405 people roaming the nation’s melting pot, it’s bound to get smelly."
44,"Five raccoons were trapped inside the Coonskin Park trash receptacle, and one of those raccoons was like nothing he'd ever seen before."
45,Jason Aldean
46,"""Good for you,"" he apparently told her, not realising that Harry Potter would go on to be the worldwide cultural phenomenon it is today. Years later, he was doing his job as normal when, reading The Prisoner of Azkaban, he came across a part where the titular character"
47,30 minutes
48,"""I’m Gonna Be Ready"" by Yolanda Adams"
49,"The kitty folders are too childish; the more mature ones are $200 a piece. Add to that the hysterical mobs crowding the $1 pencils like they were the last chance to win tickets to a 21 Pilots concert, and we have a joyfest"
50,"""Our talent office had Jordan on their radar for some time. His name was in the initial group of names that we discussed when looking at people to bring to Charlotte [where the SEC Network is located] for auditions,"""
51,"As it turns out, the first free DLC —which included 70 new events, a new main quest line, new building types, new voice acting, an event editor, and a bunch of smaller features—didn’t up sales enough to justify tearing off the price tag."
52,1) Readers wanted to read about it
53,"nuts, legumes, plant sterols (molecules found in plants) and olive oil"
54,Pennsylvania
55,plastic debris
56,"40 percent of marriages involve one spouse who's been married before. In 20 percent of new marriages, both spouses have previously said ""I do."""
57,Amber Galloway Gallego
58,"Kili the Senegal parrot has somehow managed to become a master at ""playing dead."""
59,Miley Cyrus
60,"A teacher by the name of Mrs. Thom at Bucklebury Primary School gave the stress-managing worksheet to her year 6 class, as they are preparing for their SATs (Standard Attainment Tests) this month."
61,"You will now be able to obtain all the rare Pokemon in Pokemon Go by using the trick. All you’ll have is to follow the steps of the following guide carefully: Step 1: At first, you’ll need to use the items in normal ways. Simply use the Lucky Egg to gain double "
62,"turn on the sink and let the water run, so it only sounds like they're washing their hands"
63,Jussie Smollett
64,"The new NBC News/Survey Monkey Tracking Poll finds Clinton leading Trump among registered voters nationally by 50-41. Even more crucially, Clinton is demolishing Trump on the question of who has the right personality and temperament to be president: 42 percent of voters say Clinton does, "
65,don't post pictures of your boarding pass on social media.
66,"""Delaware loophole"" — the unassuming building at 1209 North Orange Street — has become, as the Guardian described Reportedly dozens of Fortune 500 companies — Coca-Cola, Walmart, American Airlines, and Apple, to name a few — use Delaware’s"
67,Kevin Hart
68,"only shows that have been out for three or more years will show up on Amazon Prime. Older shows like ""The Wire"" and ""Big Love"" will be available in their entirety, while the newest seasons of ""Girls"" and ""Veep"" won't be"
69,"$25,000 per month"
70,ditched its premium sapphire glass from both the new home button and the camera lens
71,"The university allows students like Gieselman to select their own identity — a new first name, regardless of whether they’ve legally changed it, as well as a chosen pronoun — and records these details in the campuswide information system so that professors have the correct terminology at their fingertips"
72,"Doors open based on who you know When applying for a job or looking to connect with someone, name-dropping would increase your odds of getting a positive response"
73,1. Museum of Modern Art 2. Metropolitan Museum of Arts 3. Museum of Modern Art 4. Museum of Modern Art 5. Museum of Modern Art
74,"A dietitian specializing in sports nutrition can provide advice about whether someone like your son can safely switch to a vegan, plant-based diet, and the best way to do that."
75,"It is 20 years since Bolivia's chaotic San Pedro Prison became a tourist attraction, a place where backpackers stayed for weeks and partied with inmates."
76,"MK2 is over 1300 times dimmer and much smaller than Makemake, and its orbit appears to be edge-on to Earth, so we don’t see it circling Makemake, only oscillating back and forth."
77,Tokyo Tokyo Tokyo Tokyo Tokyo Tokyo Tokyo Tokyo Tokyo Tokyo Tokyo Tokyo Tokyo Tokyo Tokyo Tokyo Tokyo Tokyo Tokyo Tokyo Tokyo Tokyo Tokyo Tokyo Tokyo Tokyo Tokyo Tokyo Tokyo Tokyo Tokyo Tokyo Tokyo Tokyo Tokyo Tokyo Tokyo Tokyo Tokyo Tokyo Tokyo Tokyo Tokyo Tokyo Tokyo Tokyo Tokyo Tokyo Tokyo Tokyo Tokyo Tokyo Tokyo Tokyo Tokyo Tokyo Tokyo Tokyo Tokyo Tokyo Tokyo Tokyo Tokyo
78,Nars' Guy Bourdin-inspired line
79,Mexico City
80,MS Dhoni
81,a 4 mm tumor in her brain
82,"scissor-cut the top of your head to about an inch and a half, adding a bit of texture to the ends with a razor. Around the sides and back, have him use a clipper to taper the length down to about a quarter inch, or an eighth"
83,"she had plastic surgery years ago to make her eyes look ""bigger"" and advance her career."
84,"At 67, it seems like Meryl Streep has stopped aging. Despite her age, Meryl has been looking much younger and more radiant than ever!"
85,"According to Lawson, there are tons of benefits to metcon workouts, including improved fat loss, increased calorie burn compared to steady-state workouts, muscular strength gains, and improved cardiovascular function. And one 2012 study in the journal Applied Physiology, Nutrition and Metabolism found that"
86,Katy Perry
87,The Netherlands
88,Mzznaki Tetteh
89,"The thing that Andrew spoke about in regards to the setting and why we decided to go for World War I, it wasn’t the most obvious choice. If you look what other partners in our industry are going, they’re going into sci-fi, we had a lot of success with in the"
90,a piece of foam with a photo of the thing I wanted printed on it
91,1. A SINGLE TABLESPOON HAS MORE SUGAR THAN A CHOCOLATE CHIP COOKIE.  Provided by Delish 2. IT OVERPOWERS EVERYTHING IT TOUCHES
92,"Andrew Carnegie’s first job was as a 13-year-old textile worker. John D. Rockefeller was an accountant. Tim Armstrong, AOL’s CEO before the acquisition by Verizon, was a teacher."
93,Bugatti
94,"""I like Donald Trump because he speaks from the heart,"" Malik Obama told The Post from his home in the rural village of Kogelo. ""Make America Great Again is a great slogan. I would like meet him."""
95,Peter Pilotto
96,"Apparently, constant use of Android or iPhone affects sperm count as they have higher emission rate. Environmental pollution also to some extent contributes to low sperm count."
97,"""I had my full security, like, I was like, 'Find Donald Trump,'"" she told Norton. ""Cause I was just, I was adamant on finding him and then making a video of me going, 'Hey Trump, f*** you"
98,"Nebraska allocates its electoral college votes not in the usual winner-take-all method, but by congressional district. So a Republican candidate can win in the state, but a Democratic candidate can still pick up electoral votes by winning over a district."
99,"he would ""rescind"" the EPA’s Clean Power Plan, which would curb carbon dioxide emissions from existing coal-fired power plants, and is key to the U.S.’s ability to meet its commitments as part of the global climate deal. He would withdraw the U."
100,1. Adventurous Christmas: Chile Torres del Paine 1. Adventurous Christmas: Chile Torres del Paine 2. Adventurous Christmas: Chile Torres del Paine 3. Adventurous Christmas: Chile Torres del Paine 4. Adventurous Christmas: Chile
101,"2,000 products that are going to be shown to consumers and 130 announcements that are going to be made next week about experiences and games that no one has seen before"
102,"A new survey says that, not taking into account sleeping time, Thai people spend the majority of their waking hours being completely sedentary. We’re talking 14 hours that are spent not using their bodies for much of anything."
103,"Online multiplayer is broken, and players should avoid trying to use that game mode for now."
104,raw apple and raw lettuce
105,"Yellow jackets and wasps pose a whole new threat though, because they are faster, stronger, and have much more powerful poison in their stingers than bees do. That is why if somebody is allergic to bee stings, getting stung by a wasp"
106,fettuccine Alfredo
107,"serious heart condition, and also attributes her two miscarriages to the drinks"
108,Delores Curtis
109,"no properties were lost during a bushfire around the town of Gwindinup south-east of Bunbury, which has now been contained. Water bombers assisted fire crews on the ground in the effort to protect homes from the blaze that burnt through more than 200 hectares of bushl"
110,"they can do anything they want with it — which is incredibly empowering to recipients, but many people in ‘the west’ think it’s risky...or even foolish."
111,"""The logic of the drugs war only leads one way: the police get smarter, so the criminals get nastier; things can only ever go from bad to worse, from savagery to savagery,"""
112,"It looks like he’s trying to cosplay as an Angry Bird. But why? Seagulls are what biologists called kleptoparasites , animals that rob the food of other species. And the birds can be damn cunning about it."
113,"The original title [of Stephen King's short story] was ... 'Rita Hayworth and the Shawshank Redemption.' Now, don’t choose 'Shawshank Redemption' when you’ve got Rita Hayworth! But they chose not"
114,Shamus Beaglehole
115,"A new high-tech, controversial law enforcement procedure has some people worried it threatens the privacy of our DNA"
116,Wolverampton
117,colourful igloo
118,"it clocks in at 106 minutes and its cast barely extends beyond the four central actors. Nothing explodes, erupts or is shot at from beginning to end. There is no shouting. The film is shot and cut with a near-maddening degree of patience, its soundtrack"
119,Ruby Tuesday (RT)
120,Investors are now expected to pay for the privilege of lending money to the Swiss for a half-century at a time. Other countries are getting nearly as good deals. Fifteen-year German and Japanese bond yields have also drifted below zero. Even economically wounded Spain can borrow for 
121,Towels
122,J. Crew
123,"Andy Stern believes his plan is important now because of ""tectonic shifts"" in the labor market that will see more and more workers replaced by robots"
124,Cinderella? No mom. The Little Mermaid? No mom. Pocahontas? No mom. Now some skeptics might point out that there are also a lot of characters who don't have any parents at all – like in Aladdin. But
125,Trump’s role in the porn is relatively benign and centers around him breaking a bottle of champagne on a Playboy-branded limo while several of the playmates are visiting New York City.
126,watch
127,"it’s likely to be a humpback or southern right whale, two of the most common types found off the western Australian coastline."
128,"""Destiny"""
129,"he doesn’t believe in the piece by piece upgrading of systems, and you won’t be seeing that with the Xbox One"
130,"The new Visa cards provide members with 4% cash back on up to $7,000 of gas purchases annually, plus 3% back on restaurant and eligible travel purchases, 2% back for Costco purchases, and 1% back on everything else."
131,An incorrectly fastened air duct fell and hit a pair of two-by-fours; Worrall's helmet broke under the impact. He woke up able to move only his eyes. Blinking in a yes-or-no binary code was initially his sole
132,"Howard has been told he resembles the infamous dictator since 2011, when Kim took power. In full makeup, hair and suit, the two are almost indistinguishable"
133,Then they had to choose from a selection of altered logos like the ones in the quiz you just took. Participants also had to rate how confident they were that they would get it right.
134,Ammon Bundy and his brother Ryan Bundy
135,hypothermia
136,"The movie industry seems to remain completely deaf to the constant criticism regarding sexual objectification ageism , and its lack of diversity (not just racial, but gender diversity as well)."
137,"Christine ""Tink"" Newman, 24, was unconscious and hypothermic when she was found on the morning of April 1 in Garibaldi Park near Whistler"
138,leaving used condoms on the bed and flashing instead of giving a tip
139,"To avoid the tiffs, SRK has blocked all the fans of other stars including Salman Khan."
140,"During a concert celebrating his 50 years in music, Mexican crooner José José tried to greet a fan at the side of the stage when he suddenly fell nearly five feet into the crowd."
141,$634 billion
142,"The unemployment rate in November fell to 4.6 percent, the lowest in nine years. With 14 total world championship medals, 19-year-old Simon Biles arrived in Rio already a star. It was her near-perfect performance at the Olympics, however — which netted four golds and "
143,"smaller brains (more efficient, not dumber), resistance to diseases, increases in ADHD and blue eyes"
144,The bench allowed a plea of a Mumbai-based 22-year-old woman to terminate her pregnancy after taking into account her medical report which of a team of seven doctors of King Edward Memorial(KEM) hospital in Mumbai.
145,"For the first time, Republican Donald Trump seems to have edged ahead of Democrat Hillary Clinton in presidential polling. But only just."
146,"Whale Ear Wax stores all sorts of useful information on the animal’s exposure to pollutants and stress levels throughout life, researchers have found."
147,replace all the larger vessels with those of smaller sizes
148,"""No,"" she apparently replied, before pointing at the policeman and adding: ""But he has."""
149,"May 8, at 7 p.m. UK time (2 p.m. Eastern time), and physically June 17."
150,"When I pointed out that the Ginsberg, wasn't exactly a connoisseur of mainstream tastes, Radcliffe defended the ""Harry Potter"" franchise."
151,"The Rock, which sits out on the water off Zanzibar's Michanwi Pingwe beach. They serve fresh fish and pastas and drinks galore as you take in the insanely awesome view--water all around!"
152,Jackson Vroman
153,1. Ideas Have Consequences by Richard Weaver 2. The Road to Serfdom by F.A. Hayek
154,"prototype imaging system that’s able to read pages of a book without opening it. A decade ago, a group at MIT demonstrated the ability to look through a sealed envelope using terahertz waves – the band of electromagnetic radiation between microwaves and infrared light."
155,"A producer at a major network, who reportedly turned down Heigl for a project, explained Heigl's difficult behavior, simply saying, ""She's not worth it."""
156,Specific Foods That Can Affect Sleep
157,potatoes
158,"applying your foundation, blusher and concealer incorrectly"
159,"Taran Killam, Jay Pharoah"
160,Idaho
161,"readers of fiction are more empathetic towards others. By engaging with a story, readers are temporarily placing themselves in a character’s shoes, therefore, the more stories you read, the more shoes you’ve tried on."
162,"""It makes me sick,"" Katrina Henry told CBS affiliate WDJT in Milwaukee. Distressed by what it showed, she said, ""That’s not me. I would never do something like that."""
163,"Does that mean that Danny Brown has a low IQ? Or even, does SD have a low IQ for rapping repetitive and simplistic lyrics in a sub-genre of rap (drill) that almost depends on recycling lyrics/themes?"
164,77
165,"""synaptic pruning."""
166,"If the IOC does ban Russia, that’s enough medals to throw any Olympic predictions seriously out of whack. And many of the medals that might have otherwise gone to Russian athletes would likely go to competitors from the US, as they did at the 1984 Los Angeles Olympics that the Soviet Union boycott"
167,a huge penis
168,1. Don't touch her bump 2. Don't touch her bump 3. Don't touch her bump 4. Don't touch her bump 5. Don't touch her bump
169,being a single mom to daughter Jessica
170,"$765,759"
171,"Laws that maintain the legal drinking age at 21 save lives on the road, and protect young people from other hazards of drinking, according to a new review of studies."
172,Oregon
173,"Almost every space pops with color. From the moment you walk in, you're greeted with a bright multi-colored chevron rug. You're also greeted by an incredible slide that was once a staircase (yeah, it's pretty awesome"
174,"Ronaldinho will operate purely off the pitch, rather than create magic on it"
175,"""Dumb and Dumber To"" made a smart move in adding A-lister Jennifer Lawrence to its roster, as the ever-busy actress reportedly filmed a cameo for the sequel."
176,"Julie Apicella lost her beautiful girl Emily after a three-year battle with cancer, and while this amazing mother got the chance to get a photo of her little girl’s first day of school back in 2015, when it came time to do the same thing the next year it was too late."
177,dropped an average of 13.7% that evening
178,tahini-walnut spread
179,"emphasized his civilized side by singing the set's opening number ""Prancer"" sitting on a couch, reading newspaper and sipping tea"
180,strawberry rhubarb
181,paper bag
182,"by cutting a small cross in the base of each sprout all this time, we have all simply been doing it wrongly. And instead of boiling them, we should be steaming, stir-frying or even microwaving Brussels to get that perfectly crunchy consistency."
183,Sephora Instant Moisturizer
184,Jimmy Smits
185,A writer at TechRadar remains quite skeptical about the possibility of Linux someday becoming the top gaming operating system for PCs.
186,"How to Talk to a Woman Who is Wearing Headphones ""These days, many women walk around playing with a smartphone or tablet device and are often wearing headphones and listening to music at the same. Yet, that doesn’t mean you can’t talk to them."
187,rejecting a fans’ gift and calling it ‘shit’
188,"Beyond Good & Evil 2 The original Beyond Good & Evil came out in 2003. It’s a unique game that stars Jade, an investigative reporter who’s working on a case about a planet-wide alien conspiracy. She can kick serious butt when the situation dictates,"
189,"The gentleman in question thought he'd mimic a guardsman's walk and at one point reaches out to touch him on the shoulder. The grinning fool got a bit of a shock when the guard screamed ""Step back from the Queen's Guard!"""
190,playing hide-and-seek with her friends
191,Laura Bush
192,Michael Brain
193,one of life's greatest inventions
194,"at Timberlake's 20/20 Experience World Tour on Tuesday a fan suddenly reached up from the audience and tried to grab a piece of the 33-year-old performer's glutes. Undeterred by the handsy fan, JT managed to swat away the"
195,Producing organic food tends to be costlier along every part of the supply chain -- including farming practices that usually require greater labor inputs and segregating organic ingredients from conventional ones.
196,Colorado
197,"234,000"
198,"It simply couldn't make enough toys to satiate demand in North America, and needed a break while it boosted capacity at its factories and increased its workforce by nearly a quarter"
199,I’m not killing off Harrison [Ford] at the end of it
200,New generation e-passport featuring enhanced security features such as bio-metric details may soon be rolled out by the government.
201,1. The action’s going to pick back up in Fall of 1984. So plan accordingly by getting all your friends the correct walkie talkies to discuss the finer points of Steve’s hair. It will be a continuation of the first season’s story. 3. Expect four brand new characters.
202,"""God’s Pocket,"""
203,"A black bag, hidden inside. Inside the bag were brick-like objects covered in tape"
204,"The man drove recklessly for nearly an hour, hitting an armored car and another vehicle. At one point, he looked up and waved at TV choppers broadcasting the chase. He ended up in the hills above Whittier, along Turnbull Canyon Road."
205,Tulsiram Manere
206,A talented Irish rower has died after falling in a freak accident just hours after winning a bronze medal at the World University Championships in Poland.
207,not taking a drink for the next 24 hours
208,Chicago
209,"""It's like being raised in a red room, being pulled out of that room, and asked to describe the color red."""
210,Access to prisons has been vastly curtailed. There is no way to know what truly happens inside but to go there
211,french fry
212,"a burnt bear bone found within the chamber was 47,600 years old, which meant that the stalagmite rings were older than any known cave painting. It also meant that they couldn’t have been the work of Homo sapiens."
213,"According to Gomez, the reason why she crashed her car, whilst travelling from Cali to the city of Pereira, was because she got distracted by her own ‘erotic thoughts.’"
214,Sarah Gailey
215,"The Cavaliers cannot win these NBA Finals. Frankly, they'd be lucky to win a game."
216,"Eatsa, an innovative, vegetarian automated restaurant chain, which just opened its first East Coast location (in New York) on Wednesday, is looking to revolutionize the food industry by offering customers a one-of-a-kind food experience."
217,"$585,174,222"
218,1-999-367-3767
219,colleges
220,"""Praise be to Allah that he became a martyr. It is the most beautiful kind of saintly death,"" Fadi al Qanbar’s sister Shadia, 28, told Palestinian media. ""Allah chose him for this martyrdom. Thank God. We are patient and we"
221,Neither Ben nor Jen will confirm or deny the divorce allegations.
222,Chien Chih-cheng
223,"anti-Trump, anti-police, and ""Black Lives Matter"" graffiti"
224,"Emily Gardner (pictured far right above), from the UK, drowned after becoming trapped under a capsized boat. She was on vacation in the town of Brixham without her parents when the horror unfolded. Just hours before her death, Emily sent a message to her dad with a"
225,Menelik Watson
226,"""Feeling This,"""
227,"X17 Online snagged photos of Kardashian dressed in the black spandex pants as she strolled down a sunny street. Along with the leggings, she wore a black long-sleeved shirt and some oversized sunglasses."
228,"Ana. Ana, the kickass heal-sniper"
229,"""I stick by what I said, I'm not going to make this personal. ... He was all whiny last week,"" Barkley said on the Waddle & Silvy show on ESPN Radio on Tuesday. ""... I'm good and I'm straightforward, I'm"
230,"""The Pulse shooter was transported separately from the scene. His remains are being held in a separate building at the ME facility. The shooter’s autopsy was also conducted in another building, away from the victims. This is not a law or requirement, but was rather done out of"
231,Korean pear juice
232,Blake McIver
233,"it is now legal to hunt for catfish with pitchforks or spears. Spearfishing has always been legal in many place, but until now, it depended on the type of fish the fisherman was hunting, according to Kerry Picket of the Daily Caller."
234,"his son declined his offer and told him: ""Dad, don’t worry about me. I will work hard, and I will be successful, and you will be proud of me."""
235,"1. Miley Cyrus Miley likely ranked the highest on Google's list because of twerking. She spent 2013 breaking off an engagement, smoking a blunt on stage (at the EMAS), and swinging around on a wrecking ball, naked and crying. 2. Drake Drake is"
236,"she accidentally started singing the chorus lyrics instead of the first verse. Instead of panicking, the songstress stopped the band and laughed off her mistake declaring: ""S**t wrong words! S**t, s**t, s**t!"""
237,"""I need feminism because I intend on marrying rich and I can’t do that if my wife and I are making .75 cent for every dollar a man makes."""
238,Lola The Dog's Santa Encounter will Get You In The Holiday Spirit
239,"Aaron Sorkin’s popular HBO series will be skewered through parody on tonight’s episode of ""Inside Amy Schumer."""
240,"""A right triangle has a hypotenuse equal to 10 and an altitude to the hypotenuse equal to 6. Find the area of the triangle."""
241,exposed polarization between Scotland and large parts of England who voted to stay and other parts of the U.K.
242,"work is most fulfilling when it’s a calling. And often, it’s a calling because you find a deep sense of purpose and positive impact in your role. And fortunately, the data show that purpose is incredibly tied to both business and personal success."
243,60-year-old woman sitting alone in her car reading a book
244,Emperor Palpatine's granddaughter
245,"In her late 20s, Lisa Brown had it all—the 5'10"" former model married her college sweetheart, had attended grad school, and loved to cook gourmet meals and take spins in a classic Mustang convertible. But at 28 she began to mysteriously lose weight and vomit after"
246,"A lot of people—over 17 million—got doused in icy water. You remember, you were there. Everyone was there. 50 Cent was there. Most Popular A lot of people also donated, giving those who denounced the challenge as a viral blip with no real power something to"
247,"The ""Venus Holes"" are a sign of good circulation and a healthy body. Since ""Venus Holes"" are located in a place where there is no muscle, it’s impossible to create them with exercises. However, eliminating some fat can make them a little more"
248,"The mark of an Olympic athlete, at least at Rio 2016, seems a scattering of perfectly round bruises. Swimmers and gymnasts, particularly from Team USA, are among those seen sporting the mysterious dots."
249,"Thousands of angry demonstrators have poured onto the streets, protesting against both the local electricity company and the Hamas-run Gaza power authority, demanding an immediate solution."
250,"trees do relax their branches at night, which might be a sign of snoozing"
251,"""I think it's a very good thing, and I hope he does a very good job because frankly that would be very, very good... Because I think if he does a great job, it will really — you lead by example, always lead by example."
252,Berlin
253,"The surface, lightly dusted with confectioner’s sugar, just barely holds the structure together, and provides a subtle, cookie-like textural contrast to the chewy interiors."
254,"According to an American Psychological Association study titled Stress in America , more than 50 percent of Millennials report to having been kept awake at least one night over the course of the past month due to stress. This is comparable to only 37 percent of Baby Boomers and 25 percent of Matures."
255,A retired police officer who carried a young girl to safety nearly 20 years ago was reunited with her during her college graduation
256,"The tab needs to be separated from the chopsticks and then it doubles up as a chopsticks holder. This should give you some place to put the sticks while you enjoy your drink. This way, it should keep your table and chopsticks clean."
257,"Is your dresser drawer starting to look like someone ransacked it? Egg cartons and plastic ice cube trays make great organizational tools for jewelry, cuff links and other trinkets, and they'll easily fit inside your drawer."
258,Kenneth W. Starr was stripped of his title as president of Baylor University after an independent investigation found that the university had mishandled sexual assault accusations against football players. Football head coach Art Briles was also fired as a result of the investigation.
259,"""You can only maximize your size to what you’re capable of,"" Dr. Harry Fisch, clinical professor of urology and reproductive medicine at Weill Cornell Medical College and author of The New Naked, tells BuzzFeed Life."
260,There is nothing morally wrong with voting for a flawed candidate if you think he will do more good for the nation than his opponent
261,You may recall being explicitly told as child to not eat watermelon seeds or you may end up growing the gigantic fruit in your stomach
262,Ben Bernanke
263,"His untitled Daily Show companion series will air Monday-Thursday at 11:30 p.m. ET/PT, beginning this fall, taking over the timeslot vacated by The Nightly Show with Larry Wilmore, which was cancelled last August."
264,"If you have a desktop, laptop, tablet or smartphone connected to the internet, your activities could be monitored and private information collected when you’re Internet shopping or banking. Even just browsing online is a risk in 2016."
265,sleep deprivation
266,Feb. 24
267,"In very small amounts (say, a few teaspoons), and if the blood is free from pathogens (such as the many blood-borne diseases), blood might not harm you."
268,handling their money and talking about it with their partners
269,"polymyalgia rheumatica, or PMR, an autoimmune disease that spreads painful inflammation through most of the body’s joints"
270,"The Cubs carried a 6-3 lead into the eighth inning, six outs away from a cathartic victory. But a double and a two-run home run by the Indians wiped out that lead and tied the game, and the deadlock held through the ninth inning"
271,"There are some things that can be done to mitigate the risk of crashing into police, being charged with vehicular manslaughter or just being bad at the game."
272,drink coaster
273,Buying a pet as for someone you care about
274,"""I live inside my own heart, Matt Damon."""
275,"Scarlett Johansson -- who co-stars with Joaquin Phoenix in the film, but doesn't appear onscreen -- gives such a remarkable performance that she could wind up with an historic Academy Award nomination for Best Supporting Actress"
276,"Originally, all humans had brown eyes, although genetic variation relating to a gene called OCA2 resulted in changes to the amount of pigment produced by different individuals, resulting in the emergence of different shades of brown."
277,"Dawn Grace lost her son four years ago, and now she meets the man who received his heart in a transplant."
278,"""It will change your life because you will be received so much differently,"" she says. ""People's eyes are naturally drawn to light, and naturally drawn away from darkness."""
279,THE MUSIC THE MUSIC THE MUSIC THE MUSIC THE MUSIC THE MUSIC THE MUSIC THE MUSIC THE MUSIC THE MUSIC THE MUSIC THE MUSIC THE MUSIC THE MUSIC THE MUSIC THE MU
280,"adding a teaspoon of coconut oil to boiling water with a half-cup of non-fortified white rice, letting it simmer for 20 to 40 minutes, then refrigerating it for 12 hours"
281,"1. There are many theories about why cats knead their paws into you, but many researchers agree that they’re trying to return the affection that you’re showing them. 2. Sure, it’s kind of gross when cats bring dead animals into the house, but they do it"
282,"the spy camera. Hidden inside a wall hook is a tiny camera that records people in the bathroom, hotel rooms, and change rooms. Women in particular have been recorded while in the shower or changing without their knowing."
283,"Casa Elizabeth, the Palm Springs villa once owned by Elizabeth Taylor, is now available for rent by model-turned-mogul Kathy Ireland"
284,"Louisville, Kentucky"
285,"""racial profiling"""
286,"""Men’s shirts have more room, so it’s easier to slip them off over your head; women don’t have that option,"" he posits in the video above. ""I think it’s that men aren’t as flexible and can’t, maybe"
287,"Instead of a gray direwolf on a white background, it’s now a white wolf on a gray background"
288,lime green
289,Aaron Judge 460-foot homer on Saturday in Pittsburgh was the third longest for a Yankee since ESPN started tracking distances in 2009.
290,"Thiruvananthapuram, India"
291,crack cocaine
292,1. Ecuador  Gabrielle & Michel Therin-Weise/Getty Images 2. Nicaragua  Tan Yilmaz/Getty Images 3. Thailand  Ingolf Pompe/LOOK-foto/Getty Images 4. Belize  Susan Leggett/Alamy Panama prove
293,"Not getting enough sleep may cause changes to gut bacteria that could fundamentally change our metabolism, affecting a host of bodily systems"
294,"There were many plot twists and updates that gave the newly released ""Beauty and Beast"" a completely different feel from the original. Questions were answered, characters changed and some key scenes and moments in the film made the remake stand out -- not simply as a copycat but as a film"
295,with an acoustic version
296,morality
297,Buffy the Vampire Slayer
298,"Mr Burger is offering just that, but on one condition. The company wants you to change your last name to ""burger."""
299,"Hot dogs are made of pork, beef and chicken. Factories often use leftovers from cutting steaks and pork chops as well as edible slaughter by-products such as animal feet or head, fatty tissue and skins.During the process, these ingredients are mixed together, and additives such"
300,Peter Facinelli
301,"Chris Pratt joked that his new superhero movie is going to be ""the 'Citizen Kane' of movies other than 'Citizen Kane.'"""
302,Diagnostic medical sonographer
303,CEO Lawyer Media (TV and radio) Salesperson Surgeon Journalist Police officer Clergyperson Chef Civil servant
304,"Rosa maris or ""sea rose"" according to the Greeks and romans, this medical herb has been used as a remedy for centuries back. In our culture, this herb is known as rosemary. th century. The rosemary is great for regulating the high blood pressure and for repairing"
305,"1,080"
306,Google
307,"boosting the metabolism, due to their thermogenic effect on the body - in other words, the amount of energy used and heat produced as your body processes this food. All foods, when consumed, speed up the action of the muscles in the digestive tract, using up energy and producing heat in the process."
308,Intrepid
309,the MORNINGS
310,UCLA
311,"""You can pretend you’re the Queen of Sheba,"" she says. Playing on her own let her imagination soar."
312,‘capture the pigeon’ mode
313,"""Chal Na Katrina"""
314,"Monday, February 24 at 9 p.m."
315,seven hours spent in deep sleep is the perfect amount to maintain reasonable insulin production and glucose levels. This means that the amount of time spent in bed is probably more than seven hours - more like seven and a half.
316,"Taylor Swift discovered their song in the trailer for 'G.B.F.,' and that's why she invited them on stage to sing at her concert"
317,"""Come on down to the Muncie Animal Shelter to walk one of our dogs while you get steps in! Just come to the front desk and say you are here for the Pokemon dogs!"""
318,"""She just said a terrible thing."""
319,President Trump already has the authorization to build a wall on the U.S.-Mexico border. But he added Congress also be giving him the funding to build the wall as well.
320,"she may get to add both to her ""impeccable"" track record of war, bloodshed and destruction and in the process spark World War III, if it has not already begun as a result of US policy toward the Middle East."
321,Damion Soward
322,Carrer Avinyó
323,Nick Johnson
324,"""He said that the only payment the older man wanted was for me to never give up and keep being an amazing mom,"" Tawny wrote. ""I've never cried so hard in my life. Things had been absolutely awful, more so than I care to explain, and without knowing us or"
325,"solar energy is beating the costs of natural gas plants across the country right now, even the operating costs, and that’s not even including the volatility premium you’d have to price in to a natural gas plant you’d be building for 20 years."
326,"It's possible, but rare. Can a woman get pregnant when she is already pregnant? In other words, can she have two foetuses in her uterus at different stages of development?"
327,a c**t
328,"Facebook Messenger weaves chatbots with friends ""Facebook is a bit like that big dog galloping toward you in the park,"" said the late New York Times journalist David Carr, bemoaning the influence the social media giant has had on publishers’ distribution—and, in turn,"
329,He found the shell partly covered in mud and dug around it to find out what it was. He alerted a television station to his discovery. He thought his find might have been something archeologically significant so he was ready to share whatever it was that he found.
330,"$1,427"
331,"old curiosities, remnants of a fad that only really made sense in a specific time and a particular place. Yet perception often lags. When it comes to many collections, people's belief in their value as an investment lingers long after that ceases to"
332,The evacuation of civilians and opposition fighters from eastern Aleppo have been suspended after rebels opened fire on a convoy at one of the crossing points of the rebel-held enclave
333,Skara Brae
334,Sir Bradley Wiggins
335,it's possible to beat Watch Dogs 2 without ever firing a gun
336,"If Elliott can give this offense what DeMarco Murray provided in 2014, I can see Romo playing all 16 games."
337,Pikaqiu
338,"""America's Next Top Model"" winner Whitney Thompson is back in the spotlight! The plus-size stunner is shilling sexy lingerie for Britain's Panache Lingerie's new Sculptresse line, a fun, flattering collection offered in"
339,We’re now living in the Anthropocene Era - where human activity is the primary driver of change to the environment. The impact of capitalist and heavily industrialised societies is equivalent to how an asteroid would impact the planet.
340,"The cut-and-paste legal rider must be the most boring thing in every movie that features it. It all started when an exiled Russian prince sued MGM in 1933 over the studio’s Rasputin biopic, claiming that the American production did not accurately depict Rasputin’"
341,novelty and unexpectedness of finding an unusual object secretly placed whilst their heads were down in the food bowl
342,water
343,"""Captain Phillips"" stands at the very top of the recent spate of thinking-persons' action films from the last few years, on par with Kathryn Bigelow's ""Zero Dark Thirty"" and well ahead of Ben Affleck's Best Picture"
344,"It looks like it's all going to end in complete disaster but just as the big cat goes to pounce, the man spins around and starts laughing and playing with him like they're bezzie mates."
345,space blanket
346,"To show support for law enforcement, Chick-fil-A has unveiled their ""Back The Blue"" t-shirts: Chick-fil-A has taken a stand against the rhetoric coming out of the BLM community and wants to show support for those who risk their lives for the safety and"
347,850 hits in the FBI's nationwide database of DNA profiles
348,"On the plain white box was a card that read, ""Do not open until your 1st disagreement."""
349,"swipe a chip card instead of inserting it into slot, the merchant is responsible for covering any fraudulent charges — not the bank. And some retailers aren't in a financial position to cover major security breaches, like that corner store you picked up a gallon of milk from in a"
350,"Elle has responded to the critics, defending its styling choices with the following statement: ""On all of our shoots, our stylists work with the stars to choose pieces they feel good in, and this no different: Melissa loved this look, and is gorgeous on our cover."""
351,"There is no evidence that not washing jeans is hazardous to your health, according to Bernhard Redl, an associate professor in the molecular biology department at the University of Innsbruck in Austria."
352,"As the anxiety and anticipation leading up to the first presidential debate between Hillary Clinton and Donald Trump came to a head last night, some viewers turned to alcohol. Others turned to something stronger—Twitter."
353,"turmeric, an ancient medicinal herb, helps removes plaque (some that's not evident to the naked eye), which causes discoloration. But as opposed to harsh bleaches you'll find in over-the-counter treatments, its natural antioxidant and anti-inflammatory properties make it super healthy for your"
354,"chock-full of nutrients and electrolytes like potassium, which not only keep you hydrated but also take longer for your body process so you buy some time between bathroom breaks. Just sip on one percent or skim if you’re worried about the cals."
355,Megan Dixon
356,Chris Crocker
357,"""We suspect that shoveling was the main mechanism linking snowfall with myocardial infarction (heart attack),"" Dr. Nathalie Auger of the University of Montreal Hospital Research Center and colleagues wrote. ""Men are potentially more likely than women to shovel, particularly after heavy snow"
358,"little Aubrey wrapped in motorcycle gloves, next to a colorful, shiny motorcycle helmet. The hands gently curl around the child while she grins peacefully, safe under the guise of big, strong arms."
359,A number 7 with medium fries and a Coke
360,Minnesota
361,"""If you are dropping off your son’s forgotten lunch, books, homework, equipment, etc., please TURN AROUND and exit the building,"" the sign read. ""Your son will learn to problem-solve in your absence."""
362,"During our For Fun plays, button presses were consistently between .30 to .40 milliseconds late."
363,"stole her jewelry in a move straight out of a Jonathan Swift tale. A camera captured the incident, which took place on Portobello Road in Hill Top, West Bromwich, in the U.K. The women came up to the other in a blue Ford Focus and asked her"
364,Cecily Strong
365,"1. When it comes to food, you won’t just eat any old thing. 2. Because you’re partial to fancy hipster foods, like expensive artisanal bread. 3. However, you’ll happily skimp on other items to afford your luxurious foodie lifestyle."
366,Arizona lawmakers are pushing to provide elected officials with more privacy as they draft legislation because they say the state's requirements for open meetings make it too difficult for them to do their jobs
367,airline greed
368,"Springfield, Oregon, where Matt Groening is from, than any other Springfield"
369,"She’d been hiding them in the courtyard of a nearby church, safe inside the shrubs and bushes. That’s right – of all the nearby places, Norah and her pups took refuge at the United House of Prayer."
370,Microsoft finally announced cross-network play for Xbox One. An elusive feature that gamers have been wanting for years. This allows the Xbox One players to play online with gamers who own other devices. It could be anything ranging from a PC to another console.
371,"couldn’t Superman have used his X-ray vision to see what was in the Dark Knight’s canisters? Well, as pointed out by an eagle-eyed viewer (via Screen Rant ), the canisters Bruce Wayne/Batman used have """
372,post-micturition convulsion syndrome
373,"2004 BO41, will have a ‘near Earth pass’ later this afternoon. But don’t stress too much. The end is not near, as a ‘near Earth pass’ isn’t actually that near at all – in fact, the asteroid is going to go"
374,"At some point toward the end of every job interview, the hiring manager will likely turn the tables and ask, ""Do you have any questions for me?"" This is the time to ask smart, thoughtful questions — perhaps your final opportunity to assess whether the job would be a good fit, and your final chance"
375,"""Dumb British blond fucks 15 million people at once."""
376,Pat Patterson
377,He sees something he doesn’t particularly care if it’s true or not. Just puts it out there and then he puts something else out
378,Yvette Nicole Brown
379,Florida
380,"""Hagrid couldn't produce a Patronus. It's a very difficult spell."""
381,Democrat Jason Kander looks to be running very strongly in the exit polls
382,intravaginal ejaculation latency time
383,he could not locate the guy sitting right in front of him
384,"In the 1930s Karl Landsteiner showed that antibodies could be made to chemicals that never even existed naturally. This led to a problem: for the clonal theory to be correct, there had to be pre-existing antibodies in animals or humans capable of recognising any antigen that"
385,BOOM – Portugal
386,white pepper
387,prostate and anal play with their female partners
388,"their strange dating preferences, some questionable business practices, to Mary-Kate's still-unexplained connection to the death of Heath Ledger"
389,Rotom Rotom Rotom Rotom Rotom Rotom Rotom Rotom Rotom Rotom Rotom Rotom Rotom Rotom Rotom Rotom Rotom Rotom Rotom Rotom Rotom
390,"""I don’t pretend to be an ordinary housewife. I am not and couldn’t be,"""
391,"Normally, they wouldn’t endorse any candidate this early in the race, but they explained their reason for doing so as follows: ‘The Chronicle editorial page does not typically endorse early in an election cycle; we prefer waiting for the campaign to play out and for issues to emerge and be addressed."
392,"an abandoned apartment complex. Trash was littered through the maze of rooms and hallways. The paint was peeling off of every single wall, while some walls weren’t even standing anymore. Every step he took was a gamble that the floor would support his weight."
393,"China needs to ""rebalance"" its economy, and the government is on board with this daunting project. That means the country is attempting to move from an economy based on investment in industrial manufacturing to one based on domestic consumption driven by regular Chinese people working in the services sector."
394,"The three-year-old Border Collie chewed on some plants as the family took a walk through the Horsetooth Reservoir. Shortly after the walk, the dog didn't look well. He was taken to the vet. According to the vet, the plant the dog was chew"
395,"The maid's co-worker told Kyle and Josh, who have also carried out kind deeds such as paying for people's gas and making an IHOP waitress's day, that he was shocked by how hardworking she is."
396,Christopher Suprun
397,Rachel Crawley
398,"The appearance of the tweeted sequences of digits led to rampant rumors Assange had been threatened, a circumstance that activated a protocol for Assange’s safety that was reported in 2010: Supporters of WikiLeaks around the world are downloading a file the"
399,Richard Belzer
